{
 "NAVMESHES": {
  "0": {
   "vertex1": {
    "x": -474.0394592285156,
    "y": -7.9664764404296875,
    "z": -20.868528366088867
   },
   "vertex2": {
    "x": -474.0394592285156,
    "y": -7.9664764404296875,
    "z": 43.934532165527344
   },
   "vertex3": {
    "x": -474.0394592285156,
    "y": 443.5919189453125,
    "z": -20.868528366088867
   },
   "vertex4": {
    "x": -474.0394592285156,
    "y": 443.5919189453125,
    "z": 43.934532165527344
   },
   "waypoints": [
    0,
    1,
    2,
    3,
    4,
    12
   ]
  },
  "1": {
   "vertex1": {
    "x": -474.0394592285156,
    "y": -775.2099609375,
    "z": -20.868497848510742
   },
   "vertex2": {
    "x": -474.0394592285156,
    "y": -775.2099609375,
    "z": 43.93450164794922
   },
   "vertex3": {
    "x": -474.0394592285156,
    "y": -323.651611328125,
    "z": -20.868497848510742
   },
   "vertex4": {
    "x": -474.0394592285156,
    "y": -323.651611328125,
    "z": 43.93450164794922
   },
   "waypoints": [
    7,
    8,
    9,
    10,
    11,
    13
   ]
  },
  "2": {
   "vertex1": {
    "x": 138.0337677001953,
    "y": -323.6562194824219,
    "z": -20.868497848510742
   },
   "vertex2": {
    "x": 138.0337677001953,
    "y": -323.6562194824219,
    "z": 43.93450164794922
   },
   "vertex3": {
    "x": 138.0337677001953,
    "y": -7.748870849609375,
    "z": -20.868497848510742
   },
   "vertex4": {
    "x": 138.0337677001953,
    "y": -7.748870849609375,
    "z": 43.93450164794922
   },
   "waypoints": [
    3,
    5,
    7
   ]
  },
  "3": {
   "vertex1": {
    "x": -374.4078369140625,
    "y": -323.651611328125,
    "z": -20.86849594116211
   },
   "vertex2": {
    "x": -374.4078369140625,
    "y": -323.651611328125,
    "z": 43.934505462646484
   },
   "vertex3": {
    "x": -374.4078369140625,
    "y": -7.748870849609375,
    "z": -20.86849594116211
   },
   "vertex4": {
    "x": -374.4078369140625,
    "y": -7.748870849609375,
    "z": 43.934505462646484
   },
   "waypoints": [
    4,
    6,
    8
   ]
  }
 },
 "BOUNDING PLANES": {
  "0": {
   "vertex1": {
    "x": 484.6067199707031,
    "y": -815.1885986328125,
    "z": -51.356536865234375
   },
   "vertex2": {
    "x": 484.6067199707031,
    "y": -815.1885986328125,
    "z": 183.97503662109375
   },
   "vertex3": {
    "x": 484.6067199707031,
    "y": 492.5134582519531,
    "z": -51.356536865234375
   },
   "vertex4": {
    "x": 484.6067199707031,
    "y": 492.5134582519531,
    "z": 183.97503662109375
   }
  },
  "1": {
   "vertex1": {
    "x": -516.1600952148438,
    "y": 436.743408203125,
    "z": -51.743011474609375
   },
   "vertex2": {
    "x": -516.1600952148438,
    "y": 436.743408203125,
    "z": 186.6621551513672
   },
   "vertex3": {
    "x": 530.3696899414062,
    "y": 436.74346923828125,
    "z": -51.74308776855469
   },
   "vertex4": {
    "x": 530.3696899414062,
    "y": 436.74346923828125,
    "z": 186.66207885742188
   }
  },
  "2": {
   "vertex1": {
    "x": -468.9900207519531,
    "y": -815.1885986328125,
    "z": -51.356536865234375
   },
   "vertex2": {
    "x": -468.9900207519531,
    "y": -815.1885986328125,
    "z": 183.97503662109375
   },
   "vertex3": {
    "x": -468.9900207519531,
    "y": 492.5134582519531,
    "z": -51.356536865234375
   },
   "vertex4": {
    "x": -468.9900207519531,
    "y": 492.5134582519531,
    "z": 183.97503662109375
   }
  },
  "3": {
   "vertex1": {
    "x": -516.1600952148438,
    "y": -764.9736938476562,
    "z": -51.743011474609375
   },
   "vertex2": {
    "x": -516.1600952148438,
    "y": -764.9736938476562,
    "z": 186.6621551513672
   },
   "vertex3": {
    "x": 530.3696899414062,
    "y": -764.9735717773438,
    "z": -51.74308776855469
   },
   "vertex4": {
    "x": 530.3696899414062,
    "y": -764.9735717773438,
    "z": 186.66207885742188
   }
  }
 },
 "WAYPOINTS": {
  "0": {
   "id": 0,
   "x": 409.0113525390625,
   "y": 26.457592010498047,
   "z": -227.0841522216797,
   "type": 1
  },
  "1": {
   "id": 1,
   "x": 7.104793548583984,
   "y": 26.457592010498047,
   "z": -369.2955627441406,
   "type": 1
  },
  "2": {
   "id": 2,
   "x": -394.09686279296875,
   "y": 26.457592010498047,
   "z": -227.0841522216797,
   "type": 1
  },
  "3": {
   "id": 3,
   "x": 258.2032470703125,
   "y": 30.0,
   "z": 7.2723541259765625,
   "type": 0
  },
  "4": {
   "id": 4,
   "x": -254.23834228515625,
   "y": 30.0,
   "z": 7.7305908203125,
   "type": 0
  },
  "5": {
   "id": 5,
   "x": 258.2032470703125,
   "y": 30.0,
   "z": 164.8419189453125,
   "type": 2
  },
  "6": {
   "id": 6,
   "x": -254.23834228515625,
   "y": 30.0,
   "z": 164.8419189453125,
   "type": 2
  },
  "7": {
   "id": 7,
   "x": 258.2032470703125,
   "y": 30.0,
   "z": 324.84796142578125,
   "type": 0
  },
  "8": {
   "id": 8,
   "x": -254.23834228515625,
   "y": 30.0,
   "z": 323.0728454589844,
   "type": 0
  },
  "9": {
   "id": 9,
   "x": 409.0113525390625,
   "y": 26.457592010498047,
   "z": 549.766357421875,
   "type": 1
  },
  "10": {
   "id": 10,
   "x": 7.104793548583984,
   "y": 26.457592010498047,
   "z": 688.66552734375,
   "type": 1
  },
  "11": {
   "id": 11,
   "x": -394.09686279296875,
   "y": 26.457592010498047,
   "z": 549.766357421875,
   "type": 1
  },
  "12": {
   "id": 12,
   "x": 7.104793548583984,
   "y": 30.0,
   "z": -263.5552673339844,
   "type": 2
  },
  "13": {
   "id": 13,
   "x": 7.104793548583984,
   "y": 30.0,
   "z": 593.3778686523438,
   "type": 2
  }
 },
 "EDGES": {
  "0": {
   "from": 0,
   "to": 1
  },
  "1": {
   "from": 0,
   "to": 2
  },
  "2": {
   "from": 0,
   "to": 3
  },
  "3": {
   "from": 0,
   "to": 4
  },
  "4": {
   "from": 0,
   "to": 12
  },
  "5": {
   "from": 1,
   "to": 2
  },
  "6": {
   "from": 1,
   "to": 3
  },
  "7": {
   "from": 1,
   "to": 4
  },
  "8": {
   "from": 1,
   "to": 12
  },
  "9": {
   "from": 2,
   "to": 3
  },
  "10": {
   "from": 2,
   "to": 4
  },
  "11": {
   "from": 2,
   "to": 12
  },
  "12": {
   "from": 3,
   "to": 5
  },
  "13": {
   "from": 3,
   "to": 7
  },
  "14": {
   "from": 3,
   "to": 12
  },
  "15": {
   "from": 4,
   "to": 6
  },
  "16": {
   "from": 4,
   "to": 8
  },
  "17": {
   "from": 4,
   "to": 12
  },
  "18": {
   "from": 5,
   "to": 7
  },
  "19": {
   "from": 6,
   "to": 8
  },
  "20": {
   "from": 7,
   "to": 9
  },
  "21": {
   "from": 7,
   "to": 10
  },
  "22": {
   "from": 7,
   "to": 11
  },
  "23": {
   "from": 7,
   "to": 13
  },
  "24": {
   "from": 8,
   "to": 9
  },
  "25": {
   "from": 8,
   "to": 10
  },
  "26": {
   "from": 8,
   "to": 11
  },
  "27": {
   "from": 8,
   "to": 13
  },
  "28": {
   "from": 9,
   "to": 10
  },
  "29": {
   "from": 9,
   "to": 11
  },
  "30": {
   "from": 9,
   "to": 13
  },
  "31": {
   "from": 10,
   "to": 11
  },
  "32": {
   "from": 10,
   "to": 13
  },
  "33": {
   "from": 11,
   "to": 13
  }
 },
 "TOTEM": {
  "x": 7.104792594909668,
  "y": -161.3375701904297,
  "z": 51.94340133666992
 }
}
