{
 "NAVMESHES": {
  "NAVMESH 1": {
   "vertex1": {
    "x": -474.0394592285156,
    "y": -7.9664764404296875,
    "z": -20.868528366088867
   },
   "vertex2": {
    "x": -474.0394592285156,
    "y": -7.9664764404296875,
    "z": 43.934532165527344
   },
   "vertex3": {
    "x": -474.0394592285156,
    "y": 443.5919189453125,
    "z": -20.868528366088867
   },
   "vertex4": {
    "x": -474.0394592285156,
    "y": 443.5919189453125,
    "z": 43.934532165527344
   },
   "waypoints": [
    0,
    1,
    2,
    3,
    4,
    12
   ]
  },
  "NAVMESH 2": {
   "vertex1": {
    "x": -474.0394592285156,
    "y": -775.2099609375,
    "z": -20.868528366088867
   },
   "vertex2": {
    "x": -474.0394592285156,
    "y": -775.2099609375,
    "z": 43.934532165527344
   },
   "vertex3": {
    "x": -474.0394592285156,
    "y": -323.651611328125,
    "z": -20.868528366088867
   },
   "vertex4": {
    "x": -474.0394592285156,
    "y": -323.651611328125,
    "z": 43.934532165527344
   },
   "waypoints": [
    7,
    8,
    9,
    10,
    11,
    13
   ]
  },
  "NAVMESH 3": {
   "vertex1": {
    "x": 138.0337677001953,
    "y": -324.1355895996094,
    "z": -20.868528366088867
   },
   "vertex2": {
    "x": 138.0337677001953,
    "y": -324.1355895996094,
    "z": 43.934532165527344
   },
   "vertex3": {
    "x": 138.0337677001953,
    "y": -7.748870849609375,
    "z": -20.868528366088867
   },
   "vertex4": {
    "x": 138.0337677001953,
    "y": -7.748870849609375,
    "z": 43.934532165527344
   },
   "waypoints": [
    3,
    5,
    7
   ]
  },
  "NAVMESH 4": {
   "vertex1": {
    "x": -374.4078369140625,
    "y": -324.1355895996094,
    "z": 21.421470642089844
   },
   "vertex2": {
    "x": -374.4078369140625,
    "y": -324.1355895996094,
    "z": 42.23638153076172
   },
   "vertex3": {
    "x": -374.4078369140625,
    "y": -7.748870849609375,
    "z": 21.421470642089844
   },
   "vertex4": {
    "x": -374.4078369140625,
    "y": -7.748870849609375,
    "z": 42.23638153076172
   },
   "waypoints": [
    4,
    6,
    8
   ]
  }
 },
 "BOUNDING PLANES": {},
 "WAYPOINTS": {
  "WAYPOINT0": {
   "id": 0,
   "x": 409.0113525390625,
   "y": 207.02468872070312,
   "z": 26.457592010498047,
   "type": 1
  },
  "WAYPOINT1": {
   "id": 1,
   "x": 7.104793548583984,
   "y": 369.2955627441406,
   "z": 26.457592010498047,
   "type": 1
  },
  "WAYPOINT2": {
   "id": 2,
   "x": -394.09686279296875,
   "y": 207.02468872070312,
   "z": 26.457592010498047,
   "type": 1
  },
  "WAYPOINT3": {
   "id": 3,
   "x": 258.2032470703125,
   "y": -7.2723517417907715,
   "z": 30.0,
   "type": 0
  },
  "WAYPOINT4": {
   "id": 4,
   "x": -254.23834228515625,
   "y": -7.730591773986816,
   "z": 30.0,
   "type": 0
  },
  "WAYPOINT5": {
   "id": 5,
   "x": 258.2032470703125,
   "y": -164.8419189453125,
   "z": 30.0,
   "type": 2
  },
  "WAYPOINT6": {
   "id": 6,
   "x": -254.23834228515625,
   "y": -164.8419189453125,
   "z": 30.0,
   "type": 2
  },
  "WAYPOINT7": {
   "id": 7,
   "x": 258.2032470703125,
   "y": -324.84796142578125,
   "z": 30.0,
   "type": 0
  },
  "WAYPOINT8": {
   "id": 8,
   "x": -254.23834228515625,
   "y": -323.0728454589844,
   "z": 30.0,
   "type": 0
  },
  "WAYPOINT9": {
   "id": 9,
   "x": 409.0113525390625,
   "y": -594.514404296875,
   "z": 26.457592010498047,
   "type": 1
  },
  "WAYPOINT10": {
   "id": 10,
   "x": 7.104793548583984,
   "y": -680.0877685546875,
   "z": 26.457592010498047,
   "type": 1
  },
  "WAYPOINT11": {
   "id": 11,
   "x": -394.09686279296875,
   "y": -594.514404296875,
   "z": 26.457592010498047,
   "type": 1
  },
  "WAYPOINT12": {
   "id": 12,
   "x": 7.104793548583984,
   "y": 263.5552673339844,
   "z": 30.0,
   "type": 2
  },
  "WAYPOINT13": {
   "id": 13,
   "x": 7.104793548583984,
   "y": -581.695068359375,
   "z": 30.0,
   "type": 2
  }
 },
 "TOTEM": {
  "x": 7.104792594909668,
  "y": -161.3375701904297,
  "z": 51.94340133666992
 }
}
