{
 "NAVMESHES": {
  "0": {
   "vertex1": {
    "x": -474.0394592285156,
    "y": 2.6604671478271484,
    "z": 7.9664764404296875
   },
   "vertex2": {
    "x": -474.0394592285156,
    "y": 34.7972412109375,
    "z": 7.9664764404296875
   },
   "vertex3": {
    "x": -474.0394592285156,
    "y": 2.6604671478271484,
    "z": -443.5919189453125
   },
   "vertex4": {
    "x": -474.0394592285156,
    "y": 34.7972412109375,
    "z": -443.5919189453125
   },
   "vertex5": {
    "x": 488.2490539550781,
    "y": 2.6604671478271484,
    "z": 7.9664764404296875
   },
   "vertex6": {
    "x": 488.2490539550781,
    "y": 34.7972412109375,
    "z": 7.9664764404296875
   },
   "vertex7": {
    "x": 488.2490539550781,
    "y": 2.6604671478271484,
    "z": -443.5919189453125
   },
   "vertex8": {
    "x": 488.2490539550781,
    "y": 34.7972412109375,
    "z": -443.5919189453125
   },
   "waypoints": [
    0,
    1,
    2,
    3,
    4,
    12
   ]
  },
  "1": {
   "vertex1": {
    "x": -474.0394592285156,
    "y": 2.6604843139648438,
    "z": 775.2099609375
   },
   "vertex2": {
    "x": -474.0394592285156,
    "y": 34.79722595214844,
    "z": 775.2099609375
   },
   "vertex3": {
    "x": -474.0394592285156,
    "y": 2.6604843139648438,
    "z": 323.651611328125
   },
   "vertex4": {
    "x": -474.0394592285156,
    "y": 34.79722595214844,
    "z": 323.651611328125
   },
   "vertex5": {
    "x": 488.2490539550781,
    "y": 2.6604843139648438,
    "z": 775.2099609375
   },
   "vertex6": {
    "x": 488.2490539550781,
    "y": 34.79722595214844,
    "z": 775.2099609375
   },
   "vertex7": {
    "x": 488.2490539550781,
    "y": 2.6604843139648438,
    "z": 323.651611328125
   },
   "vertex8": {
    "x": 488.2490539550781,
    "y": 34.79722595214844,
    "z": 323.651611328125
   },
   "waypoints": [
    7,
    8,
    9,
    10,
    11,
    13
   ]
  },
  "2": {
   "vertex1": {
    "x": 138.0337677001953,
    "y": 2.6604843139648438,
    "z": 323.6562194824219
   },
   "vertex2": {
    "x": 138.0337677001953,
    "y": 34.79722595214844,
    "z": 323.6562194824219
   },
   "vertex3": {
    "x": 138.0337677001953,
    "y": 2.6604843139648438,
    "z": 7.748870849609375
   },
   "vertex4": {
    "x": 138.0337677001953,
    "y": 34.79722595214844,
    "z": 7.748870849609375
   },
   "vertex5": {
    "x": 378.37274169921875,
    "y": 2.6604843139648438,
    "z": 323.6562194824219
   },
   "vertex6": {
    "x": 378.37274169921875,
    "y": 34.79722595214844,
    "z": 323.6562194824219
   },
   "vertex7": {
    "x": 378.37274169921875,
    "y": 2.6604843139648438,
    "z": 7.748870849609375
   },
   "vertex8": {
    "x": 378.37274169921875,
    "y": 34.79722595214844,
    "z": 7.748870849609375
   },
   "waypoints": [
    3,
    5,
    7
   ]
  },
  "3": {
   "vertex1": {
    "x": -374.4078369140625,
    "y": 2.6604843139648438,
    "z": 323.651611328125
   },
   "vertex2": {
    "x": -374.4078369140625,
    "y": 34.79722595214844,
    "z": 323.651611328125
   },
   "vertex3": {
    "x": -374.4078369140625,
    "y": 2.6604843139648438,
    "z": 7.748870849609375
   },
   "vertex4": {
    "x": -374.4078369140625,
    "y": 34.79722595214844,
    "z": 7.748870849609375
   },
   "vertex5": {
    "x": -134.06887817382812,
    "y": 2.6604843139648438,
    "z": 323.651611328125
   },
   "vertex6": {
    "x": -134.06887817382812,
    "y": 34.79722595214844,
    "z": 323.651611328125
   },
   "vertex7": {
    "x": -134.06887817382812,
    "y": 2.6604843139648438,
    "z": 7.748870849609375
   },
   "vertex8": {
    "x": -134.06887817382812,
    "y": 34.79722595214844,
    "z": 7.748870849609375
   },
   "waypoints": [
    4,
    6,
    8
   ]
  }
 },
 "BOUNDING PLANES": {
  "0": {
   "vertex1": {
    "x": 484.6067199707031,
    "y": -51.356536865234375,
    "z": 815.1885986328125
   },
   "vertex2": {
    "x": 484.6067199707031,
    "y": 183.97503662109375,
    "z": 815.1885986328125
   },
   "vertex3": {
    "x": 484.6067199707031,
    "y": -51.356536865234375,
    "z": -492.5134582519531
   },
   "vertex4": {
    "x": 484.6067199707031,
    "y": 183.97503662109375,
    "z": -492.5134582519531
   }
  },
  "1": {
   "vertex1": {
    "x": -516.1600952148438,
    "y": 186.66201782226562,
    "z": -436.74346923828125
   },
   "vertex2": {
    "x": -516.1600952148438,
    "y": -51.7431526184082,
    "z": -436.74346923828125
   },
   "vertex3": {
    "x": 530.3696899414062,
    "y": 186.66221618652344,
    "z": -436.743408203125
   },
   "vertex4": {
    "x": 530.3696899414062,
    "y": -51.74294662475586,
    "z": -436.743408203125
   }
  },
  "2": {
   "vertex1": {
    "x": -468.9900207519531,
    "y": 183.97503662109375,
    "z": 815.1885986328125
   },
   "vertex2": {
    "x": -468.9900207519531,
    "y": -51.356536865234375,
    "z": 815.1885986328125
   },
   "vertex3": {
    "x": -468.9900207519531,
    "y": 183.97503662109375,
    "z": -492.5134582519531
   },
   "vertex4": {
    "x": -468.9900207519531,
    "y": -51.356536865234375,
    "z": -492.5134582519531
   }
  },
  "3": {
   "vertex1": {
    "x": -516.1600952148438,
    "y": -51.743011474609375,
    "z": 764.9736938476562
   },
   "vertex2": {
    "x": -516.1600952148438,
    "y": 186.6621551513672,
    "z": 764.9736938476562
   },
   "vertex3": {
    "x": 530.3696899414062,
    "y": -51.74308776855469,
    "z": 764.9735717773438
   },
   "vertex4": {
    "x": 530.3696899414062,
    "y": 186.66207885742188,
    "z": 764.9735717773438
   }
  }
 },
 "WAYPOINTS": {
  "0": {
   "id": 0,
   "x": 409.0113525390625,
   "y": 15.10352611541748,
   "z": -227.08416748046875,
   "type": 1
  },
  "1": {
   "id": 1,
   "x": 7.104793548583984,
   "y": 15.10352611541748,
   "z": -369.2955322265625,
   "type": 1
  },
  "2": {
   "id": 2,
   "x": -394.09686279296875,
   "y": 15.10352611541748,
   "z": -227.08416748046875,
   "type": 1
  },
  "3": {
   "id": 3,
   "x": 258.2032470703125,
   "y": 19.64168930053711,
   "z": 7.2723541259765625,
   "type": 0
  },
  "4": {
   "id": 4,
   "x": -254.2383270263672,
   "y": 19.64168930053711,
   "z": 7.7305908203125,
   "type": 0
  },
  "5": {
   "id": 5,
   "x": 258.2032470703125,
   "y": 19.64168930053711,
   "z": 164.8419189453125,
   "type": 2
  },
  "6": {
   "id": 6,
   "x": -254.2383270263672,
   "y": 19.64168930053711,
   "z": 164.8419189453125,
   "type": 2
  },
  "7": {
   "id": 7,
   "x": 258.2032470703125,
   "y": 19.64168930053711,
   "z": 324.84796142578125,
   "type": 0
  },
  "8": {
   "id": 8,
   "x": -254.2383270263672,
   "y": 19.64168930053711,
   "z": 323.0728454589844,
   "type": 0
  },
  "9": {
   "id": 9,
   "x": 409.0113525390625,
   "y": 15.10352611541748,
   "z": 549.766357421875,
   "type": 1
  },
  "10": {
   "id": 10,
   "x": 7.104793548583984,
   "y": 15.10352611541748,
   "z": 688.66552734375,
   "type": 1
  },
  "11": {
   "id": 11,
   "x": -394.09686279296875,
   "y": 15.10352611541748,
   "z": 549.766357421875,
   "type": 1
  },
  "12": {
   "id": 12,
   "x": 7.104793548583984,
   "y": 19.64168930053711,
   "z": -263.5552673339844,
   "type": 2
  },
  "13": {
   "id": 13,
   "x": 7.104793548583984,
   "y": 19.64168930053711,
   "z": 593.3778686523438,
   "type": 2
  }
 },
 "EDGES": {
  "0": {
   "from": 0,
   "to": 1
  },
  "1": {
   "from": 0,
   "to": 2
  },
  "2": {
   "from": 0,
   "to": 3
  },
  "3": {
   "from": 0,
   "to": 4
  },
  "4": {
   "from": 0,
   "to": 12
  },
  "5": {
   "from": 1,
   "to": 2
  },
  "6": {
   "from": 1,
   "to": 3
  },
  "7": {
   "from": 1,
   "to": 4
  },
  "8": {
   "from": 1,
   "to": 12
  },
  "9": {
   "from": 2,