{
 "NAVMESHES": {
  "0": {
   "vertex1": {
    "x": -474.0394592285156,
    "y": -19.461788177490234,
    "z": 7.9664764404296875
   },
   "vertex2": {
    "x": -474.0394592285156,
    "y": 42.75666046142578,
    "z": 7.9664764404296875
   },
   "vertex3": {
    "x": -474.0394592285156,
    "y": -19.461788177490234,
    "z": -443.5919189453125
   },
   "vertex4": {
    "x": -474.0394592285156,
    "y": 42.75666046142578,
    "z": -443.5919189453125
   },
   "vertex5": {
    "x": 488.2490539550781,
    "y": -19.461788177490234,
    "z": 7.9664764404296875
   },
   "vertex6": {
    "x": 488.2490539550781,
    "y": 42.75666046142578,
    "z": 7.9664764404296875
   },
   "vertex7": {
    "x": 488.2490539550781,
    "y": -19.461788177490234,
    "z": -443.5919189453125
   },
   "vertex8": {
    "x": 488.2490539550781,
    "y": 42.75666046142578,
    "z": -443.5919189453125
   },
   "waypoints": [
    0,
    1,
    2,
    3,
    4,
    12
   ]
  },
  "1": {
   "vertex1": {
    "x": -474.0394592285156,
    "y": -19.4617919921875,
    "z": 775.2099609375
   },
   "vertex2": {
    "x": -474.0394592285156,
    "y": 94.51927185058594,
    "z": 775.2099609375
   },
   "vertex3": {
    "x": -474.0394592285156,
    "y": -19.4617919921875,
    "z": 323.651611328125
   },
   "vertex4": {
    "x": -474.0394592285156,
    "y": 94.51927185058594,
    "z": 323.651611328125
   },
   "vertex5": {
    "x": 488.2490539550781,
    "y": -19.4617919921875,
    "z": 775.2099609375
   },
   "vertex6": {
    "x": 488.2490539550781,
    "y": 94.51927185058594,
    "z": 775.2099609375
   },
   "vertex7": {
    "x": 488.2490539550781,
    "y": -19.4617919921875,
    "z": 323.651611328125
   },
   "vertex8": {
    "x": 488.2490539550781,
    "y": 94.51927185058594,
    "z": 323.651611328125
   },
   "waypoints": [
    7,
    8,
    9,
    10,
    11,
    13
   ]
  },
  "2": {
   "vertex1": {
    "x": 138.03375244140625,
    "y": -19.461788177490234,
    "z": 323.651611328125
   },
   "vertex2": {
    "x": 138.03375244140625,
    "y": 94.51927185058594,
    "z": 323.651611328125
   },
   "vertex3": {
    "x": 138.03375244140625,
    "y": -19.461788177490234,
    "z": 7.96649169921875
   },
   "vertex4": {
    "x": 138.03375244140625,
    "y": 94.51927185058594,
    "z": 7.96649169921875
   },
   "vertex5": {
    "x": 385.2574157714844,
    "y": -19.461788177490234,
    "z": 323.651611328125
   },
   "vertex6": {
    "x": 385.2574157714844,
    "y": 94.51927185058594,
    "z": 323.651611328125
   },
   "vertex7": {
    "x": 385.2574157714844,
    "y": -19.461788177490234,
    "z": 7.96649169921875
   },
   "vertex8": {
    "x": 385.2574157714844,
    "y": 94.51927185058594,
    "z": 7.96649169921875
   },
   "waypoints": [
    3,
    5,
    7
   ]
  },
  "3": {
   "vertex1": {
    "x": -379.079345703125,
    "y": -19.461788177490234,
    "z": 323.651611328125
   },
   "vertex2": {
    "x": -379.079345703125,
    "y": 94.51927185058594,
    "z": 323.651611328125
   },
   "vertex3": {
    "x": -379.079345703125,
    "y": -19.461788177490234,
    "z": 7.96649169921875
   },
   "vertex4": {
    "x": -379.079345703125,
    "y": 94.51927185058594,
    "z": 7.96649169921875
   },
   "vertex5": {
    "x": -131.85568237304688,
    "y": -19.461788177490234,
    "z": 323.651611328125
   },
   "vertex6": {
    "x": -131.85568237304688,
    "y": 94.51927185058594,
    "z": 323.651611328125
   },
   "vertex7": {
    "x": -131.85568237304688,
    "y": -19.461788177490234,
    "z": 7.96649169921875
   },
   "vertex8": {
    "x": -131.85568237304688,
    "y": 94.51927185058594,
    "z": 7.96649169921875
   },
   "waypoints": [
    4,
    6,
    8
   ]
  }
 },
 "OBBS": {
  "0": {
   "face1": {
    "vertex1": {
     "x": 138.0337677001953,
     "y": 119.442138671875,
     "z": 7.748870849609375
    },
    "vertex2": {
     "x": 138.0337677001953,
     "y": 2.6604843139648438,
     "z": 7.748870849609375
    },
    "vertex3": {
     "x": -134.06884765625,
     "y": 119.442138671875,
     "z": 7.748870849609375
    },
    "vertex4": {
     "x": -134.06884765625,
     "y": 2.6604843139648438,
     "z": 7.748870849609375
    }
   },
   "face2": {
    "vertex1": {
     "x": -134.06884765625,
     "y": 119.442138671875,
     "z": 7.748870849609375
    },
    "vertex2": {
     "x": -134.06884765625,
     "y": 2.6604843139648438,
     "z": 7.748870849609375
    },
    "vertex3": {
     "x": -134.06884765625,
     "y": 119.442138671875,
     "z": 323.6562194824219
    },
    "vertex4": {
     "x": -134.06884765625,
     "y": 2.6604843139648438,
     "z": 323.6562194824219
    }
   },
   "face3": {
    "vertex1": {
     "x": -134.06884765625,
     "y": 119.442138671875,
     "z": 323.6562194824219
    },
    "vertex2": {
     "x": -134.06884765625,
     "y": 2.6604843139648438,
     "z": 323.6562194824219
    },
    "vertex3": {
     "x": 138.0337677001953,
     "y": 119.442138671875,
     "z": 323.6562194824219
    },
    "vertex4": {
     "x": 138.0337677001953,
     "y": 2.6604843139648438,
     "z": 323.6562194824219
    }
   },
   "face4": {
    "vertex1": {
     "x": 138.0337677001953,
     "y": 119.442138671875,
     "z": 323.6562194824219
    },
    "vertex2": {
     "x": 138.0337677001953,
     "y": 2.6604843139648438,
     "z": 323.6562194824219
    },
    "vertex3": {
     "x": 138.0337677001953,
     "y": 119.442138671875,
     "z": 7.748870849609375
    },
    "vertex4": {
     "x": 138.0337677001953,
     "y": 2.6604843139648438,
     "z": 7.748870849609375
    }
   }
  },
  "1": {
   "face1": {
    "vertex1": {
     "x": 488.2490539550781,
     "y": 119.442138671875,
     "z": 7.748870849609375
    },
    "vertex2": {
     "x": 488.2490539550781,
     "y": 2.6604843139648438,
     "z": 7.748870849609375
    },
    "vertex3": {
     "x": 378.37274169921875,
     "y": 119.442138671875,
     "z": 7.748870849609375
    },
    "vertex4": {
     "x": 378.37274169921875,
     "y": 2.6604843139648438,
     "z": 7.748870849609375
    }
   },
   "face2": {
    "vertex1": {
     "x": 378.37274169921875,
     "y": 119.442138671875,
     "z": 7.748870849609375
    },
    "vertex2": {
     "x": 378.37274169921875,
     "y": 2.6604843139648438,
     "z": 7.748870849609375
    },
    "vertex3": {
     "x": 378.37274169921875,
     "y": 119.442138671875,
     "z": 323.6562194824219
    },
    "vertex4": {
     "x": 378.37274169921875,
     "y": 2.6604843139648438,
     "z": 323.6562194824219
    }
   },
   "face3": {
    "vertex1": {
     "x": 378.37274169921875,
     "y": 119.442138671875,
     "z": 323.6562194824219
    },
    "vertex2": {
     "x": 378.37274169921875,
     "y": 2.6604843139648438,
     "z": 323.6562194824219
    },
    "vertex3": {
     "x": 488.2490539550781,
     "y": 119.442138671875,
     "z": 323.6562194824219
    },
    "vertex4": {
     "x": 488.2490539550781,
     "y": 2.6604843139648438,
     "z": 323.6562194824219
    }
   },
   "face4": {
    "vertex1": {
     "x": 488.2490539550781,
     "y": 119.442138671875,
     "z": 323.6562194824219
    },
    "vertex2": {
     "x": 488.2490539550781,
     "y": 2.6604843139648438,
     "z": 323.6562194824219
    },
    "vertex3": {
     "x": 488.2490539550781,
     "y": 119.442138671875,
     "z": 7.748870849609375
    },
    "vertex4": {
     "x": 488.2490539550781,
     "y": 2.6604843139648438,
     "z": 7.748870849609375
    }
   }
  },
  "2": {
   "face1": {
    "vertex1": {
     "x": -374.4078369140625,
     "y": 119.442138671875,
     "z": 7.748870849609375
    },
    "vertex2": {
     "x": -374.4078369140625,
     "y": 2.6604843139648438,